chamber,label,type,width,widthLarge,height,eta,strips,x,y,z,angle
0,tracker0,tracker,89.5,0,89.5,2,358,0,0,-1245,0
1,tracker1,tracker,89.5,0,89.5,2,358,0,0,-548,0
2,tracker2,tracker,89.5,0,89.5,2,358,0,0,170,0
3,tracker3,tracker,89.5,0,89.5,2,358,0,0,867,0
4,ge21,large,488.8,628.8,390.9,4,384,0,0,0,0
5,me0_blank,large,235.2,460,787.9,8,384,0,0,0,1.570796
6,me0_random,large,235.2,460,787.9,8,384,0,42.52741041,0,1.5117591510302737
